"Region","fecha","Casos","Lower","Upper"
"Total País",2024-12-30,5104.57075848451,4602.20643337236,5606.93508359667
"Total País",2025-01-06,3825.15632278791,3061.24231088703,4589.07033468878
"Total País",2025-01-13,3632.28000838683,2675.84949862148,4588.71051815218
"Total País",2025-01-20,3500.00278159494,2383.779675563,4616.22588762687
"Total País",2025-01-27,3373.12964395978,2117.28382345997,4628.9754644596
"Total País",2025-02-03,3446.67760653947,2065.24956741058,4828.10564566837
"Total País",2025-02-10,3386.10726861444,1889.59862189262,4882.61591533625
"Total País",2025-02-17,3478.75031096502,1875.39980900624,5082.10081292381
"Total País",2025-02-24,3464.87991517181,1761.37542895932,5168.38440138431
"Total País",2025-03-03,3461.53104748789,1663.44255218053,5259.61954279525
"Total País",2025-03-10,3736.04546375473,1848.10559729635,5623.98533021311
"Total País",2025-03-17,4097.84843243451,2124.14337803445,6071.55348683457
"Total País",2025-03-24,4539.73797941834,2483.84247036134,6595.63348847533
"Total País",2025-03-31,4575.0965308021,2440.17239946823,6710.02066213596
"Total País",2025-04-07,4786.44258192129,2575.31261085744,6997.57255298513
"Total País",2025-04-14,5123.91015471429,2839.11466029563,7408.70564913295
"Total País",2025-04-21,5506.10190482366,3149.942921714,7862.26088793332
"Total País",2025-04-28,6193.07275066486,3767.64910600934,8618.49639532037
"Total País",2025-05-05,7035.48704217968,4542.72260115992,9528.25148319943
"Total País",2025-05-12,7862.16670393452,5303.83340649974,10420.5000013693
"Total País",2025-05-19,8451.88014136949,5829.61700371404,11074.1432790249
"Total País",2025-05-26,8136.51231578388,5451.84126229493,10821.1833692728
"Total País",2025-06-02,7547.21191233441,4801.55108700152,10292.8727376673
"Total País",2025-06-09,6846.21220733718,4040.88725822968,9651.53715644469
"Total País",2025-06-16,6320.04217465124,3456.2958918264,9183.78845747608
"Total País",2025-06-23,6073.98378691431,3152.98439035643,8994.98318347219
"Total País",2025-06-30,5669.3060584808,2692.15436987305,8646.45774708854
"Total País",2025-07-07,5464.65479983809,2432.39048430455,8496.91911537162
"Total País",2025-07-14,5871.52113647948,2785.12816384533,8957.91410911364
"Total País",2025-07-21,6022.73104800954,2883.14249474625,9162.31960127283
"Total País",2025-07-28,6299.21306059448,3107.31535138967,9491.11076979929
"Total País",2025-08-04,6652.36517682013,3409.00184714826,9895.72850649199
"Total País",2025-08-11,7522.24278475224,4228.21783182894,10816.2677376755
"Total País",2025-08-18,7487.49926985428,4143.5801481215,10831.4183915871
"Total País",2025-08-25,7628.18119011686,4235.10149831972,11021.260881914
"Total País",2025-09-01,7655.46666427229,4213.92856379032,11097.0047647543
"Total País",2025-09-08,7654.82250569525,4165.49890372904,11144.1461076615
"Total País",2025-09-15,7974.50757939236,4438.0441056104,11510.9710531743
"Total País",2025-09-22,8118.8614506078,4535.87825171678,11701.8446494988
"Total País",2025-09-29,7529.69615597528,3900.78952922636,11158.6027827242
"Total País",2025-10-06,7579.52035609055,3905.26423984414,11253.776472337
"Total País",2025-10-13,7552.51726118931,3833.46459822916,11271.5699241494
"Total País",2025-10-20,7477.84887870681,3714.53286593934,11241.1648914743
"Total País",2025-10-27,7693.50574058375,3886.44097701362,11500.5705041539
"Total País",2025-11-03,7629.74016968222,3779.42371306904,11480.0566262954
"Total País",2025-11-10,7053.10033349182,3160.01267482054,10946.1879921631
"Total País",2025-11-17,7047.08165876777,3111.68762257344,10982.4756949621
"Total País",2025-11-24,7121.45640211372,3144.20597976011,11098.7068244673
"Total País",2025-12-01,7160.97639521655,3142.30551741475,11179.6472730184
"Total País",2025-12-08,6571.38816332582,2511.71941747319,10631.0569091784
"Total País",2025-12-15,5872.83719853411,1772.58049483339,9973.09390223484
"Total País",2025-12-22,5482.43160803322,1341.98481992298,9622.87839614345
"Región de Antofagasta",2024-12-30,166.237977305295,131.369085142443,205.618401371799
"Región de Antofagasta",2025-01-06,112.378799860557,82.1900671519894,147.77039016134
"Región de Antofagasta",2025-01-13,99.1358302181729,69.6040102072086,134.42787509758
"Región de Antofagasta",2025-01-20,84.793240969334,55.3759445721516,121.135131406058
"Región de Antofagasta",2025-01-27,90.153686567759,56.4463394679069,132.588274403107
"Región de Antofagasta",2025-02-03,98.6702503995157,60.1664419238894,147.71158173702
"Región de Antofagasta",2025-02-10,86.328950118214,48.7090663275802,135.875731354462
"Región de Antofagasta",2025-02-17,90.0686334077854,49.5596933015455,143.988326133586
"Región de Antofagasta",2025-02-24,89.2934002172508,47.2175780159203,146.233403693145
"Región de Antofagasta",2025-03-03,80.819968956287,39.6954971906301,138.167569662626
"Región de Antofagasta",2025-03-10,114.656557110625,61.5740305559275,186.033205163859
"Región de Antofagasta",2025-03-17,116.075529205294,60.7567288187913,191.252082706739
"Región de Antofagasta",2025-03-24,142.534214744125,77.7122809442509,229.148124226779
"Región de Antofagasta",2025-03-31,133.739808811089,69.6115975107067,221.088705473606
"Región de Antofagasta",2025-04-07,153.333797239455,81.6027914943902,250.148582014032
"Región de Antofagasta",2025-04-14,164.78914414099,87.8464975336944,268.56592405933
"Región de Antofagasta",2025-04-21,175.725856229501,93.711446456332,286.32620616318
"Región de Antofagasta",2025-04-28,184.711335529995,98.1824024268745,301.557420720991
"Región de Antofagasta",2025-05-05,217.734846251475,119.837400419086,348.028111645775
"Región de Antofagasta",2025-05-12,183.642178699123,93.7714529997322,307.016617225277
"Región de Antofagasta",2025-05-19,227.211031131663,122.587675386383,367.619641907706
"Región de Antofagasta",2025-05-26,162.386982342325,76.0983627351027,284.975868195544
"Región de Antofagasta",2025-06-02,197.229883666708,97.9465591641114,335.067748934146
"Región de Antofagasta",2025-06-09,182.080148993627,86.1174342604939,317.919596619128
"Región de Antofagasta",2025-06-16,202.887645380722,98.4720315656559,349.186889512091
"Región de Antofagasta",2025-06-23,196.224916562365,92.429546331098,343.387920433068
"Región de Antofagasta",2025-06-30,186.764908722295,84.7217640434087,333.585119683433
"Región de Antofagasta",2025-07-07,166.302361540895,70.2997944690555,308.19957351878
"Región de Antofagasta",2025-07-14,198.877072508779,89.7004049673013,356.309617948539
"Región de Antofagasta",2025-07-21,162.228007999021,65.3123968374089,308.098663877328
"Región de Antofagasta",2025-07-28,169.65827365295,68.6475159106012,321.411523003409
"Región de Antofagasta",2025-08-04,166.069868117059,65.2931363474057,319.075467395522
"Región de Antofagasta",2025-08-11,194.879247360538,81.7210263141482,362.638229254148
"Región de Antofagasta",2025-08-18,174.134880251007,67.8330365655523,336.073995710773
"Región de Antofagasta",2025-08-25,180.731859622272,70.6354459510584,348.250556938378
"Región de Antofagasta",2025-09-01,186.066945001779,72.6788373934771,358.630187571804
"Región de Antofagasta",2025-09-08,182.958250893682,69.6938036959592,356.905529448998
"Región de Antofagasta",2025-09-15,197.389607574107,77.1475592886339,380.344010850342
"Región de Antofagasta",2025-09-22,191.139198140006,72.2985025595694,374.113528390495
"Región de Antofagasta",2025-09-29,179.144578287479,64.2672392462817,359.373050300662
"Región de Antofagasta",2025-10-06,189.290131194249,69.0585231741231,376.804218705496
"Región de Antofagasta",2025-10-13,175.782769205278,60.3721851343216,359.615019309323
"Región de Antofagasta",2025-10-20,167.790506756985,55.0225206947802,350.274658871315
"Región de Antofagasta",2025-10-27,176.515511587143,58.876341453599,365.786173709952
"Región de Antofagasta",2025-11-03,180.005090764612,59.8607115722826,373.503708587041
"Región de Antofagasta",2025-11-10,151.017999254266,43.6546242065288,332.134853653185
"Región de Antofagasta",2025-11-17,162.617563238444,48.8207760420494,352.248995274144
"Región de Antofagasta",2025-11-24,186.268700477483,60.5175091489239,390.401757055193
"Región de Antofagasta",2025-12-01,191.575353378488,62.4854709386709,400.85184083288
"Región de Antofagasta",2025-12-08,153.099624521899,41.692177412774,344.63307973278
"Región de Antofagasta",2025-12-15,160.162250496601,44.4518550165871,357.907568210583
"Región de Antofagasta",2025-12-22,147.770302864401,37.7120966477806,340.822126591853
"Región de Arica y Parinacota",2024-12-30,47.4688196086532,35.4224169741445,59.5152222431619
"Región de Arica y Parinacota",2025-01-06,44.9856210140722,31.9913109057509,57.9799311223935
"Región de Arica y Parinacota",2025-01-13,46.6928841492303,32.5535526726822,60.8322156257783
"Región de Arica y Parinacota",2025-01-20,44.5174926916537,29.543174243158,59.4918111401494
"Región de Arica y Parinacota",2025-01-27,46.0460544161823,30.0866032418574,62.0055055905073
"Región de Arica y Parinacota",2025-02-03,46.6519211384187,29.9336499360731,63.3701923407643
"Región de Arica y Parinacota",2025-02-10,47.141458819324,29.5494395386976,64.7334780999505
"Región de Arica y Parinacota",2025-02-17,46.9203148502754,28.6258180078596,65.2148116926913
"Región de Arica y Parinacota",2025-02-24,45.3849671135724,26.2995255802714,64.4704086468734
"Región de Arica y Parinacota",2025-03-03,45.3232836888635,25.5795959089246,65.0669714688024
"Región de Arica y Parinacota",2025-03-10,46.735109920067,26.2647957298352,67.2054241102988
"Región de Arica y Parinacota",2025-03-17,46.5789527902418,25.4865708474657,67.671334733018
"Región de Arica y Parinacota",2025-03-24,45.853066290393,24.0856396042703,67.6204929765156
"Región de Arica y Parinacota",2025-03-31,47.2116171547891,24.8526041826952,69.5706301268831
"Región de Arica y Parinacota",2025-04-07,48.5733834311873,25.581719323936,71.5650475384387
"Región de Arica y Parinacota",2025-04-14,47.9665248691191,24.4095292852591,71.5235204529792
"Región de Arica y Parinacota",2025-04-21,48.5641968349367,24.4100801721201,72.7183134977533
"Región de Arica y Parinacota",2025-04-28,48.7198323235176,24.0233833755869,73.4162812714484
"Región de Arica y Parinacota",2025-05-05,48.9289202828473,23.6656101818071,74.1922303838876
"Región de Arica y Parinacota",2025-05-12,49.5959427531878,23.8107151745493,75.3811703318262
"Región de Arica y Parinacota",2025-05-19,50.0397626348441,23.7137958083121,76.3657294613762
"Región de Arica y Parinacota",2025-05-26,49.7260369766954,22.8964650199728,76.555608933418
"Región de Arica y Parinacota",2025-06-02,48.1720960046716,20.82459668195,75.5195953273931
"Región de Arica y Parinacota",2025-06-09,49.4827385395114,21.6482012577787,77.3172758212441
"Región de Arica y Parinacota",2025-06-16,48.0433676430382,19.711025092707,76.3757101933695
"Región de Arica y Parinacota",2025-06-23,49.3627898753904,20.5585036149652,78.1670761358157
"Región de Arica y Parinacota",2025-06-30,47.6670753300036,18.3828901617733,76.951260498234
"Región de Arica y Parinacota",2025-07-07,48.9938752949882,19.2515801751408,78.7361704148357
"Región de Arica y Parinacota",2025-07-14,49.8984994009982,19.6923645864501,80.1046342155464
"Región de Arica y Parinacota",2025-07-21,47.1346248521413,16.4831225425949,77.7861271616877
"Región de Arica y Parinacota",2025-07-28,51.633849168238,20.5330101126211,82.734688223855
"Región de Arica y Parinacota",2025-08-04,49.4959227901026,17.961504561976,81.0303410182293
"Región de Arica y Parinacota",2025-08-11,50.3900881243765,18.4195124053737,82.3606638433794
"Región de Arica y Parinacota",2025-08-18,50.3670504429969,17.9738426801366,82.7602582058572
"Región de Arica y Parinacota",2025-08-25,51.0089073232727,18.1915857413136,83.8262289052319
"Región de Arica y Parinacota",2025-09-01,51.610286866358,18.3805334264369,84.840040306279
"Región de Arica y Parinacota",2025-09-08,50.8831467931131,17.2403413545418,84.5259522316844
"Región de Arica y Parinacota",2025-09-15,50.2461406104544,16.2004361377411,84.2918450831677
"Región de Arica y Parinacota",2025-09-22,51.6266777144263,17.1781280304973,86.0752273983552
"Región de Arica y Parinacota",2025-09-29,50.2473829870421,15.4048676136353,85.0898983604489
"Región de Arica y Parinacota",2025-10-06,49.7633233191929,14.5274200016121,84.9992266367738
"Región de Arica y Parinacota",2025-10-13,48.8828022607181,13.2613255422004,84.5042789792358
"Región de Arica y Parinacota",2025-10-20,50.1348094098143,14.128740970359,86.1408778492695
"Región de Arica y Parinacota",2025-10-27,52.2356674859632,15.8519275534514,88.6194074184751
"Región de Arica y Parinacota",2025-11-03,50.5064483189165,13.7463265749245,87.2665700629085
"Región de Arica y Parinacota",2025-11-10,50.3741891594096,13.2438517074583,87.5045266113609
"Región de Arica y Parinacota",2025-11-17,49.2642955239637,11.765263401256,86.7633276466713
"Región de Arica y Parinacota",2025-11-24,49.8782178323812,12.0160185517416,87.7404171130208
"Región de Arica y Parinacota",2025-12-01,49.263727654685,11.0400524495744,87.4874028597955
"Región de Arica y Parinacota",2025-12-08,50.1270337945842,11.546867099526,88.7072004896424
"Región de Arica y Parinacota",2025-12-15,50.1322843750609,11.197438908863,89.0671298412588
"Región de Arica y Parinacota",2025-12-22,48.513551109383,9.22854743180209,87.798554786964
"Región de Atacama",2024-12-30,65.8032240778835,42.5035515635621,107.181306845693
"Región de Atacama",2025-01-06,49.6630001257583,31.6643885642064,82.2161466145195
"Región de Atacama",2025-01-13,56.7704341484539,35.2775116530229,97.0845343488199
"Región de Atacama",2025-01-20,44.9281747057147,28.4561097279074,75.000632149535
"Región de Atacama",2025-01-27,39.3454276442362,25.1685738306296,64.8679928430431
"Región de Atacama",2025-02-03,45.8488888605217,28.7834941569152,77.3970918896704
"Región de Atacama",2025-02-10,40.6010981381121,25.7396124165249,67.6972373372889
"Región de Atacama",2025-02-17,56.8788487357445,34.6863521345827,99.6376542763312
"Región de Atacama",2025-02-24,58.5599033252942,35.4938135600079,103.393177607369
"Región de Atacama",2025-03-03,48.9919439153768,30.2012932448394,84.6414405246014
"Región de Atacama",2025-03-10,54.8064011263861,33.2787789350079,96.5411688734492
"Región de Atacama",2025-03-17,61.2875108428486,36.6424810126049,110.141646515176
"Región de Atacama",2025-03-24,70.6039376026432,41.4001942341526,130.146360800323
"Región de Atacama",2025-03-31,71.4623894794755,41.7228298237378,132.479508808131
"Región de Atacama",2025-04-07,67.4968456598656,39.5651750329768,124.473095682055
"Región de Atacama",2025-04-14,77.0760821594417,44.3324490405747,145.738541053844
"Región de Atacama",2025-04-21,98.7352130409497,54.8726614089976,195.486433043916
"Región de Atacama",2025-04-28,110.95086407816,60.5329853763987,225.260409662199
"Región de Atacama",2025-05-05,174.608624043322,89.078068585356,389.263150622948
"Región de Atacama",2025-05-12,174.878656501349,88.8984796347279,391.845196050932
"Región de Atacama",2025-05-19,195.048029828367,97.2080249171324,449.597576204406
"Región de Atacama",2025-05-26,163.592047831313,83.4384670170424,364.823835801419
"Región de Atacama",2025-06-02,203.255030939976,99.9809217116021,477.461148791698
"Región de Atacama",2025-06-09,173.17196203704,87.0107017323937,394.533596131612
"Región de Atacama",2025-06-16,164.658114513836,83.0958408535876,372.794338498732
"Región de Atacama",2025-06-23,164.23152834629,82.6498372857759,373.314007523027
"Región de Atacama",2025-06-30,163.560755996416,82.1034847104336,373.144328985697
"Región de Atacama",2025-07-07,139.274626843248,71.3872585251131,308.426174005982
"Región de Atacama",2025-07-14,117.102781146117,61.3656064138854,251.375225295751
"Región de Atacama",2025-07-21,129.407956173449,66.6480416412195,284.643624684488
"Región de Atacama",2025-07-28,116.953657601522,60.9451517939096,253.032539801473
"Región de Atacama",2025-08-04,160.550860305022,79.5790386951303,373.008344745081
"Región de Atacama",2025-08-11,183.214672129976,88.6858687184934,440.586864635105
"Región de Atacama",2025-08-18,145.675557341095,72.8482109466408,334.158663165597
"Región de Atacama",2025-08-25,189.834142968092,90.8043744779913,464.547156496499
"Región de Atacama",2025-09-01,164.908765146069,80.4206685538141,392.280142330433
"Región de Atacama",2025-09-08,150.550001908578,74.2479254080453,352.32460475846
"Región de Atacama",2025-09-15,149.717981421749,73.685419167182,351.426557385024
"Región de Atacama",2025-09-22,151.051794852853,74.0237732092904,356.771584378504
"Región de Atacama",2025-09-29,139.092174175215,68.8422596276708,323.83516376964
"Región de Atacama",2025-10-06,136.724053946973,67.6578016438259,318.405890989317
"Región de Atacama",2025-10-13,127.717271528719,63.6866103981462,294.164018010284
"Región de Atacama",2025-10-20,130.791033455338,64.8027994680161,304.039333336561
"Región de Atacama",2025-10-27,126.30180651075,62.742462990988,292.497036491667
"Región de Atacama",2025-11-03,118.912645796501,59.4566811333156,272.822183671477
"Región de Atacama",2025-11-10,110.69438784196,55.8014097607899,251.01118374289
"Región de Atacama",2025-11-17,100.859253683112,51.4202641262842,225.061073551022
"Región de Atacama",2025-11-24,101.212210452082,51.4412296160829,226.841857172821
"Región de Atacama",2025-12-01,88.4518901126875,45.7393372053763,193.450433891091
"Región de Atacama",2025-12-08,102.634830445019,51.7903601681201,232.402579680338
"Región de Atacama",2025-12-15,82.2132804132919,42.7551692709791,178.376680712444
"Región de Atacama",2025-12-22,92.5064774348158,47.1710693300026,206.364974803929
"Región de Aysén",2024-12-30,47.1267146512109,29.1072227862082,65.1462065162135
"Región de Aysén",2025-01-06,40.2421402624633,19.4685474255332,61.0157330993933
"Región de Aysén",2025-01-13,44.5267961973626,22.5260185364842,66.5275738582411
"Región de Aysén",2025-01-20,37.1834314837814,14.4324503800634,59.9344125874995
"Región de Aysén",2025-01-27,35.5987541770814,12.2786983715472,58.9188099826156
"Región de Aysén",2025-02-03,44.1924044733057,20.3820355302054,68.002773416406
"Región de Aysén",2025-02-10,36.0437911770313,11.7813893781101,60.3061929759524
"Región de Aysén",2025-02-17,36.0478472393376,11.3543555623769,60.7413389162983
"Región de Aysén",2025-02-24,44.4748498589095,19.3633968832564,69.5863028345625
"Región de Aysén",2025-03-03,38.508584649637,12.9886217444342,64.0285475548397
"Región de Aysén",2025-03-10,41.0207159998052,15.0998705342437,66.9415614653666
"Región de Aysén",2025-03-17,46.7509230013001,20.4358455098092,73.0660004927911
"Región de Aysén",2025-03-24,48.9011118734379,22.1978710695057,75.6043526773702
"Región de Aysén",2025-03-31,51.0307586326344,23.9450307981255,78.1164864671433
"Región de Aysén",2025-04-07,45.3089029827294,17.846066968049,72.7717389974099
"Región de Aysén",2025-04-14,48.6176472210207,20.7828356289414,76.4524588130999
"Región de Aysén",2025-04-21,48.6379704092968,20.4361000770796,76.8398407415141
"Región de Aysén",2025-04-28,59.78051729669,31.2163096983307,88.3447248950493
"Región de Aysén",2025-05-05,65.2238689409889,36.3018654283142,94.1458724536635
"Región de Aysén",2025-05-12,79.0712762650253,49.7958504548532,108.346702075197
"Región de Aysén",2025-05-19,87.5240145561385,57.8993829702406,117.148646142036
"Región de Aysén",2025-05-26,96.2221054066636,66.2523369160514,126.191873897276
"Región de Aysén",2025-06-02,86.2254925337939,55.9145168993858,116.536468168202
"Región de Aysén",2025-06-09,76.7270810206442,46.0786966989124,107.375465342376
"Región de Aysén",2025-06-16,79.1229938541797,48.1408751757434,110.105112532616
"Región de Aysén",2025-06-23,80.2492882296075,48.9369920274911,111.561584431724
"Región de Aysén",2025-06-30,61.0127492599504,29.3737210068268,92.6517775130741
"Región de Aysén",2025-07-07,64.9694326261771,33.0070121292933,96.9318531230608
"Región de Aysén",2025-07-14,61.8972106375496,29.6146373328337,94.1797839422655
"Región de Aysén",2025-07-21,53.0257198448676,20.4261377263826,85.6253019633527
"Región de Aysén",2025-07-28,59.1700403743358,26.2565025910504,92.0835781576213
"Región de Aysén",2025-08-04,63.1059986587366,29.8814718070665,96.3305255104068
"Región de Aysén",2025-08-11,59.574874573788,26.0422427113764,93.1075064361995
"Región de Aysén",2025-08-18,73.5398325689369,39.7019009725563,107.377764165317
"Región de Aysén",2025-08-25,66.0799128913077,31.9394115794931,100.220414203122
"Región de Aysén",2025-09-01,80.6430669933331,46.2026540323593,115.083479954307
"Región de Aysén",2025-09-08,84.6162382938813,49.878502903924,119.353973683839
"Región de Aysén",2025-09-15,99.4763009773559,64.443766454103,134.508835500609
"Región de Aysén",2025-09-22,93.6046102558345,58.2797367214094,128.92948379026
"Región de Aysén",2025-09-29,80.9253526215697,45.3105396173805,116.540165625759
"Región de Aysén",2025-10-06,88.711312865398,52.8089017984003,124.613723932396
"Región de Aysén",2025-10-13,87.3098869929114,51.1221634457724,123.49761054005
"Región de Aysén",2025-10-20,80.6531816030098,44.1823775177556,117.123985688264
"Región de Aysén",2025-10-27,82.4725726397693,45.7208683836861,119.224276895853
"Región de Aysén",2025-11-03,85.9170486807429,48.88657500257,122.947522358916
"Región de Aysén",2025-11-10,75.3230986431636,38.015938526952,112.630258759375
"Región de Aysén",2025-11-17,81.0383632180703,43.4565536414815,118.620172794659
"Región de Aysén",2025-11-24,78.9145416013214,41.06007520459,116.769007998053
"Región de Aysén",2025-12-01,75.6281094552592,37.5029361265447,113.753282783974
"Región de Aysén",2025-12-08,66.9345619792356,28.5405903616488,105.328533596822
"Región de Aysén",2025-12-15,58.5363173622011,19.8754162873447,97.1972184370576
"Región de Aysén",2025-12-22,59.1772820367634,20.2512818953279,98.103282178199
"Región de Coquimbo",2024-12-30,195.463777731067,150.580195905336,251.210072789488
"Región de Coquimbo",2025-01-06,144.284028295308,103.581909055764,197.805796839415
"Región de Coquimbo",2025-01-13,147.610104322354,100.905458881724,211.48209035303
"Región de Coquimbo",2025-01-20,160.426719015545,107.005533734125,234.927123033811
"Región de Coquimbo",2025-01-27,133.302852951809,85.7183219761057,201.615668483714
"Región de Coquimbo",2025-02-03,151.182609799861,96.3426700887747,230.473731828677
"Región de Coquimbo",2025-02-10,143.193124108035,89.583407831969,221.83941777446
"Región de Coquimbo",2025-02-17,160.69896649943,100.226596028656,249.627522996923
"Región de Coquimbo",2025-02-24,152.430157176231,93.7673965398489,239.636150934719
"Región de Coquimbo",2025-03-03,186.216536839673,115.353164977879,290.984646851007
"Región de Coquimbo",2025-03-10,209.989141277417,130.337461408607,327.56721935299
"Región de Coquimbo",2025-03-17,226.742083237448,140.674555407615,353.834343768134
"Región de Coquimbo",2025-03-24,253.457801631215,157.691581240588,394.560309360726
"Región de Coquimbo",2025-03-31,275.852397391189,171.847032161801,428.938724048515
"Región de Coquimbo",2025-04-07,289.579995287286,180.215721519799,450.682621141189
"Región de Coquimbo",2025-04-14,313.897252960812,195.679963457653,487.809854145926
"Región de Coquimbo",2025-04-21,332.524632175905,207.338429748143,516.657029338837
"Región de Coquimbo",2025-04-28,386.790116445928,242.951016583136,597.141394404309
"Región de Coquimbo",2025-05-05,396.016480965953,248.269731009884,612.40843966106
"Región de Coquimbo",2025-05-12,489.178176662002,310.34054380913,748.667725971116
"Región de Coquimbo",2025-05-19,501.040375841799,317.358778228788,767.893974139204
"Región de Coquimbo",2025-05-26,492.867817030353,310.801522979408,758.299518479167
"Región de Coquimbo",2025-06-02,441.484196776193,275.26540226841,685.978757914932
"Región de Coquimbo",2025-06-09,443.570209844292,275.783048606303,690.921876616622
"Región de Coquimbo",2025-06-16,387.006301558982,237.374664593574,609.951554709005
"Región de Coquimbo",2025-06-23,355.59026129793,215.978561001505,565.207814621932
"Región de Coquimbo",2025-06-30,339.118481968658,204.546081925455,542.271465651049
"Región de Coquimbo",2025-07-07,311.30868670794,185.883842149762,502.151850959945
"Región de Coquimbo",2025-07-14,329.547801153611,197.064529952091,530.899459573135
"Región de Coquimbo",2025-07-21,330.963034621875,197.362040011289,534.453593739702
"Región de Coquimbo",2025-07-28,321.662572853043,190.772507405061,521.87327354491
"Región de Coquimbo",2025-08-04,431.351013445755,261.193543434667,687.44307724605
"Región de Coquimbo",2025-08-11,461.996990948847,280.456748547135,734.682320568957
"Región de Coquimbo",2025-08-18,448.536016273614,270.865137144896,716.502371220689
"Región de Coquimbo",2025-08-25,440.071015348173,264.58562362678,705.652972782381
"Región de Coquimbo",2025-09-01,451.288165800892,271.104825240535,724.156673541075
"Región de Coquimbo",2025-09-08,396.465853548606,234.987966459144,643.586014853069
"Región de Coquimbo",2025-09-15,439.31919875245,261.850026314451,709.729068849372
"Región de Coquimbo",2025-09-22,431.775312103458,256.26286397007,700.090347799367
"Región de Coquimbo",2025-09-29,389.532798090153,228.56146661002,637.819045903652
"Región de Coquimbo",2025-10-06,371.570353740639,216.528326463035,611.99182427475
"Región de Coquimbo",2025-10-13,339.973346132248,196.033356137102,565.016281024621
"Región de Coquimbo",2025-10-20,376.62315598039,218.481939262592,622.713380849063
"Región de Coquimbo",2025-10-27,349.173339197558,200.655586242135,581.985282035487
"Región de Coquimbo",2025-11-03,358.109625683629,205.664946905444,597.190665044516
"Región de Coquimbo",2025-11-10,350.043719227062,200.062159505945,586.144824885852
"Región de Coquimbo",2025-11-17,315.597248155604,178.196141333904,533.936007878931
"Región de Coquimbo",2025-11-24,319.081857905337,179.830643762376,540.676925118848
"Región de Coquimbo",2025-12-01,304.206259391727,170.211960356507,518.628616491196
"Región de Coquimbo",2025-12-08,297.699416230785,165.764054152906,509.618975744485
"Región de Coquimbo",2025-12-15,248.414779459905,135.574730190897,432.480649139485
"Región de Coquimbo",2025-12-22,259.030619115361,141.528262570386,450.535448443337
"Región de La Araucanía",2024-12-30,483.886118784235,385.494599183763,607.430305749225
"Región de La Araucanía",2025-01-06,312.937819834231,235.306497400041,416.223797036228
"Región de La Araucanía",2025-01-13,267.360748868086,192.526282921222,371.333894990743
"Región de La Araucanía",2025-01-20,241.762628789939,169.669412256184,344.543269386021
"Región de La Araucanía",2025-01-27,226.760475666908,155.954205117392,329.772718966717
"Región de La Araucanía",2025-02-03,223.055400115624,151.270182821037,328.96911975413
"Región de La Araucanía",2025-02-10,239.003449605208,160.277487551994,356.470551628981
"Región de La Araucanía",2025-02-17,242.527441136332,161.273175991878,364.796975602189
"Región de La Araucanía",2025-02-24,229.627487905944,151.65354899245,347.768201704655
"Región de La Araucanía",2025-03-03,243.416217298844,159.872911734362,370.698967018324
"Región de La Araucanía",2025-03-10,241.710574297687,158.022680702257,369.803708630574
"Región de La Araucanía",2025-03-17,291.563256114774,189.859110577041,447.852904397119
"Región de La Araucanía",2025-03-24,348.129908794359,225.914659751696,536.588233976651
"Región de La Araucanía",2025-03-31,345.230740775459,223.381216371114,533.6746172255
"Región de La Araucanía",2025-04-07,366.945142638359,236.806957361394,568.739475372819
"Región de La Araucanía",2025-04-14,399.875921628575,257.442897126202,621.264150075678
"Región de La Araucanía",2025-04-21,466.33117450479,299.55925708417,726.129257012052
"Región de La Araucanía",2025-04-28,594.045154369228,380.793148437485,926.954900400306
"Región de La Araucanía",2025-05-05,733.010687195617,468.948064776608,1146.05549110587
"Región de La Araucanía",2025-05-12,826.419475392206,527.749019064366,1294.44715746818
"Región de La Araucanía",2025-05-19,860.949664305981,548.875050468952,1350.80773624196
"Región de La Araucanía",2025-05-26,812.933671774414,517.457308536423,1277.46196935162
"Región de La Araucanía",2025-06-02,718.497895140651,456.678078854431,1130.71679557303
"Región de La Araucanía",2025-06-09,608.30807353601,386.104782367671,958.640299765333
"Región de La Araucanía",2025-06-16,553.180854099037,350.626887654463,872.978328972688
"Región de La Araucanía",2025-06-23,496.538930758813,314.300932931624,784.650066095884
"Región de La Araucanía",2025-06-30,434.948809120586,274.955992255541,688.222454608642
"Región de La Araucanía",2025-07-07,427.688374323887,270.001593031498,677.649279905271
"Región de La Araucanía",2025-07-14,413.939395370514,260.976964174632,656.732386685521
"Región de La Araucanía",2025-07-21,446.072704336021,280.852120862955,708.681951076812
"Región de La Araucanía",2025-07-28,496.562127964221,312.212475950539,789.978759949513
"Región de La Araucanía",2025-08-04,528.648316191632,331.944030537724,842.147194412771
"Región de La Araucanía",2025-08-11,663.538995867827,416.052614017248,1058.53333211488
"Región de La Araucanía",2025-08-18,680.768829163669,426.305575074629,1087.4238820276
"Región de La Araucanía",2025-08-25,702.409995442412,439.292504346644,1123.43717557214
"Región de La Araucanía",2025-09-01,771.60466068192,481.933105931536,1235.73350495311
"Región de La Araucanía",2025-09-08,755.555106537368,471.3239844748,1211.53312143603
"Región de La Araucanía",2025-09-15,828.389907903574,516.087072260265,1330.05572562326
"Región de La Araucanía",2025-09-22,824.555898032682,513.062900141086,1325.5418928296
"Región de La Araucanía",2025-09-29,762.543605218354,473.913431997617,1227.31158833507
"Región de La Araucanía",2025-10-06,745.021134500967,462.460396563561,1200.57076130918
"Región de La Araucanía",2025-10-13,742.442134399458,460.295757374376,1197.88193801706
"Región de La Araucanía",2025-10-20,699.03061246847,432.868282677993,1129.17958311914
"Región de La Araucanía",2025-10-27,738.05831019601,456.464497171446,1193.71705050305
"Región de La Araucanía",2025-11-03,721.7571741893,445.847236546303,1168.75593235403
"Región de La Araucanía",2025-11-10,638.216061208045,393.794528349847,1034.65145437332
"Región de La Araucanía",2025-11-17,628.471731596495,387.318024461112,1020.07643896448
"Región de La Araucanía",2025-11-24,641.097587168818,394.619183282935,1041.8367395961
"Región de La Araucanía",2025-12-01,628.458669385281,386.380233506214,1022.51280390075
"Región de La Araucanía",2025-12-08,565.122802707299,347.048116039432,920.506354047293
"Región de La Araucanía",2025-12-15,528.618739115327,324.256737009788,862.040239778383
"Región de La Araucanía",2025-12-22,489.962526123799,300.201716035532,799.9164229431
"Región de Los Lagos",2024-12-30,341.605809789635,290.719621784702,392.491997794568
"Región de Los Lagos",2025-01-06,244.492738977423,181.135963389323,307.849514565522
"Región de Los Lagos",2025-01-13,247.741873037471,168.178934593507,327.304811481435
"Región de Los Lagos",2025-01-20,228.172684753517,136.670843552141,319.674525954893
"Región de Los Lagos",2025-01-27,216.713009628068,114.659529958604,318.766489297532
"Región de Los Lagos",2025-02-03,239.921601807669,128.309602085195,351.533601530144
"Región de Los Lagos",2025-02-10,240.046799873134,119.632663446162,360.460936300106
"Región de Los Lagos",2025-02-17,247.671401082535,119.056121971314,376.286680193756
"Región de Los Lagos",2025-02-24,242.532771066022,106.208834098733,378.85670803331
"Región de Los Lagos",2025-03-03,252.048466611662,108.429033526633,395.667899696691
"Región de Los Lagos",2025-03-10,264.828460371042,114.266621483929,415.390299258155
"Región de Los Lagos",2025-03-17,279.564397223183,122.366454811481,436.762339634885
"Región de Los Lagos",2025-03-24,285.509826858363,121.944797381165,449.074856335561
"Región de Los Lagos",2025-03-31,309.173508931419,139.480124743112,478.866893119727
"Región de Los Lagos",2025-04-07,325.161389672758,149.553387558149,500.769391787366
"Región de Los Lagos",2025-04-14,355.090291840352,173.760492369641,536.420091311063
"Región de Los Lagos",2025-04-21,347.895482763301,161.018994286307,534.771971240295
"Región de Los Lagos",2025-04-28,394.772458333574,202.509233262069,587.035683405078
"Región de Los Lagos",2025-05-05,442.566433495937,245.063336091618,640.069530900256
"Región de Los Lagos",2025-05-12,472.482236481261,269.874735993979,675.089736968542
"Región de Los Lagos",2025-05-19,541.874302997068,334.287875157704,749.460730836432
"Región de Los Lagos",2025-05-26,565.442706763207,352.994005207957,777.891408318456
"Región de Los Lagos",2025-06-02,575.095386864195,357.893230885219,792.297542843171
"Región de Los Lagos",2025-06-09,524.110149890355,302.256363960704,745.963935820005
"Región de Los Lagos",2025-06-16,475.956421184265,249.546553685688,702.366288682842
"Región de Los Lagos",2025-06-23,443.203996524625,212.327939147237,674.080053902013
"Región de Los Lagos",2025-06-30,401.354687756989,166.097212552627,636.61216296135
"Región de Los Lagos",2025-07-07,363.089134893673,123.53036254556,602.647907241785
"Región de Los Lagos",2025-07-14,379.657520277087,135.873330514218,623.441710039957
"Región de Los Lagos",2025-07-21,377.949350825119,130.011743859692,625.886957790545
"Región de Los Lagos",2025-07-28,397.531873357225,145.509289612937,649.554457101512
"Región de Los Lagos",2025-08-04,413.587148919687,157.544753042461,669.629544796913
"Región de Los Lagos",2025-08-11,461.505421544078,201.505355667252,721.505487420905
"Región de Los Lagos",2025-08-18,503.738859735747,239.840470151123,767.637249320371
"Región de Los Lagos",2025-08-25,525.601817137589,257.861857858512,793.341776416666
"Región de Los Lagos",2025-09-01,498.863804352607,227.336620512452,770.390988192763
"Región de Los Lagos",2025-09-08,509.768565705776,234.50625928957,785.030872121983
"Región de Los Lagos",2025-09-15,531.89536957232,252.947949611185,810.842789533454
"Región de Los Lagos",2025-09-22,515.522361100614,232.937880153098,798.106842048131
"Región de Los Lagos",2025-09-29,486.134724071094,199.959402560344,772.310045581844
"Región de Los Lagos",2025-10-06,497.454630616074,207.732970377863,787.176290854284
"Región de Los Lagos",2025-10-13,516.147939338986,222.922827555242,809.373051122729
"Región de Los Lagos",2025-10-20,464.522181182905,167.834985722783,761.209376643027
"Región de Los Lagos",2025-10-27,515.116468927531,215.007125988334,815.225811866728
"Región de Los Lagos",2025-11-03,470.6026751863,167.109770015848,774.095580356751
"Región de Los Lagos",2025-11-10,465.062936529131,158.223777916342,771.90209514192
"Región de Los Lagos",2025-11-17,480.744831191024,170.595520329935,790.894142052113
"Región de Los Lagos",2025-11-24,472.477867932423,159.053362194579,785.902373670268
"Región de Los Lagos",2025-12-01,476.603420044029,159.937592133254,793.269247954803
"Región de Los Lagos",2025-12-08,460.880072582309,141.005765493072,780.754379671547
"Región de Los Lagos",2025-12-15,426.476204088534,103.42528224304,749.527125934029
"Región de Los Lagos",2025-12-22,403.781933824736,77.5853307237421,729.978536925731
"Región de Los Ríos",2024-12-30,166.851132807574,118.881935048971,250.610661362763
"Región de Los Ríos",2025-01-06,102.074750502897,75.8311944744187,144.567184406982
"Región de Los Ríos",2025-01-13,86.5851910611843,63.9979326822712,123.490358912207
"Región de Los Ríos",2025-01-20,100.378798583082,71.7047167879821,150.210941148308
"Región de Los Ríos",2025-01-27,90.2894189350274,64.8981641225711,133.91977839017
"Región de Los Ríos",2025-02-03,83.4376124167761,60.3169975868809,122.75531446239
"Región de Los Ríos",2025-02-10,76.748432056905,55.9202111988573,111.666322314751
"Región de Los Ríos",2025-02-17,87.4715037721595,62.3108500485953,131.421433671058
"Región de Los Ríos",2025-02-24,65.0638935723882,48.2619691364809,92.3430633409136
"Región de Los Ríos",2025-03-03,84.0838285875236,59.9926116997465,126.043541091464
"Región de Los Ríos",2025-03-10,95.6004417336647,66.7372601395883,147.941070212409
"Región de Los Ríos",2025-03-17,119.690833664469,80.3080995628896,196.675151072472
"Región de Los Ríos",2025-03-24,146.903868654541,94.7536397723749,257.031342676552
"Región de Los Ríos",2025-03-31,143.849362160055,93.0361771614002,250.574546067936
"Región de Los Ríos",2025-04-07,159.779715121873,101.100327037845,288.56152256194
"Región de Los Ríos",2025-04-14,146.566316402099,94.2287051370519,257.809082283871
"Región de Los Ríos",2025-04-21,183.906637806925,112.760073897134,350.484112416657
"Región de Los Ríos",2025-04-28,214.870146928269,127.163705991842,436.226683594657
"Región de Los Ríos",2025-05-05,262.231093669123,147.895914996859,583.226834269546
"Región de Los Ríos",2025-05-12,419.054197064143,208.243059078271,1225.2317843196
"Región de Los Ríos",2025-05-19,507.729916095504,237.830445212576,1721.7977342713
"Región de Los Ríos",2025-05-26,499.669381745852,234.880296842761,1678.83024382292
"Región de Los Ríos",2025-06-02,448.270296418279,217.487549477187,1389.35707719908
"Región de Los Ríos",2025-06-09,361.786330665259,186.464638907424,972.109501550131
"Región de Los Ríos",2025-06-16,301.156041384751,162.867912787377,729.12520696136
"Región de Los Ríos",2025-06-23,262.014899806414,146.636850565011,591.687690636428
"Región de Los Ríos",2025-06-30,199.426237310629,118.905532615939,399.421087454311
"Región de Los Ríos",2025-07-07,166.218971164316,102.9971816361,311.03391581665
"Región de Los Ríos",2025-07-14,190.793222640034,114.663662707241,376.709923379184
"Región de Los Ríos",2025-07-21,164.383256252356,101.913712862414,307.31860212707
"Región de Los Ríos",2025-07-28,179.637809550013,109.188572481941,347.614526710309
"Región de Los Ríos",2025-08-04,240.586055743776,136.62494808252,527.954731234977
"Región de Los Ríos",2025-08-11,338.873660649563,175.945724086605,895.68913505323
"Región de Los Ríos",2025-08-18,296.350897385834,159.332296718632,726.360552173852
"Región de Los Ríos",2025-08-25,398.235194503122,197.056204496123,1176.29363714977
"Región de Los Ríos",2025-09-01,390.647134011924,194.152692543722,1141.80866812973
"Región de Los Ríos",2025-09-08,409.912158563008,200.631714444672,1243.26110781549
"Región de Los Ríos",2025-09-15,431.63455793119,207.777526578747,1364.33573601765
"Región de Los Ríos",2025-09-22,484.256405815278,224.72205350857,1683.63506885652
"Región de Los Ríos",2025-09-29,390.98116534416,193.3450383614,1156.6148631749
"Región de Los Ríos",2025-10-06,436.768435937778,208.724685684641,1406.24317276829
"Región de Los Ríos",2025-10-13,429.16622276315,205.933975496976,1367.4567797271
"Región de Los Ríos",2025-10-20,406.597521281841,198.051680892054,1247.90928386954
"Región de Los Ríos",2025-10-27,336.646805209004,172.94048823886,911.260738413174
"Región de Los Ríos",2025-11-03,382.225177479889,189.154796464209,1128.70664844516
"Región de Los Ríos",2025-11-10,351.225340976861,177.892390165501,982.000174544327
"Región de Los Ríos",2025-11-17,435.227596484214,206.694515311815,1423.87434599691
"Región de Los Ríos",2025-11-24,346.984373412306,175.955907679703,967.451312134037
"Región de Los Ríos",2025-12-01,304.116056680384,159.780389570271,783.136989634192
"Región de Los Ríos",2025-12-08,295.269619386671,156.206734664061,749.059870834566
"Región de Los Ríos",2025-12-15,273.217916342449,147.389186837396,664.95546596987
"Región de Los Ríos",2025-12-22,260.157259678415,141.993005337399,617.99760983072
"Región de Magallanes",2024-12-30,51.2940492533089,34.4005704268662,72.3138509785959
"Región de Magallanes",2025-01-06,46.3325088118689,28.8470233987749,68.9084090792243
"Región de Magallanes",2025-01-13,30.9000944594124,16.8755054819983,50.1777815954728
"Región de Magallanes",2025-01-20,36.9513314091862,20.7554832086355,58.9224802207295
"Región de Magallanes",2025-01-27,30.5110210693397,15.9046556485736,51.024692568202
"Región de Magallanes",2025-02-03,33.7107774323696,17.7451106260829,56.0333525593635
"Región de Magallanes",2025-02-10,33.2186307389853,17.0714667948448,56.0438767179172
"Región de Magallanes",2025-02-17,27.6844251256356,13.1207454073125,49.0314207343818
"Región de Magallanes",2025-02-24,33.1480913144947,16.3857046685597,57.262482344306
"Región de Magallanes",2025-03-03,32.5579983001815,15.6989724085244,57.0816622583724
"Región de Magallanes",2025-03-10,32.3208634157549,15.2579125629436,57.3746466179721
"Región de Magallanes",2025-03-17,49.1960714085371,26.1813663649024,81.2127575726334
"Región de Magallanes",2025-03-24,49.2597768129621,25.8491254010635,82.0385832511427
"Región de Magallanes",2025-03-31,56.1736246145814,30.2195336395514,92.0995773688027
"Región de Magallanes",2025-04-07,62.7749412115165,34.407338159507,101.702463798682
"Región de Magallanes",2025-04-14,64.6988777810079,35.3307647894715,105.068973492374
"Región de Magallanes",2025-04-21,57.1028057696961,29.6974387654004,95.6326051223627
"Región de Magallanes",2025-04-28,72.6749023583163,40.0588165012773,117.314739647542
"Región de Magallanes",2025-05-05,68.4376565478887,36.6801038900887,112.472753840592
"Región de Magallanes",2025-05-12,76.5993493578227,41.933592316969,124.196493539782
"Región de Magallanes",2025-05-19,83.214250816648,46.1340818401214,133.826743115914
"Región de Magallanes",2025-05-26,87.03367601864,48.3699747485973,139.747024273398
"Región de Magallanes",2025-06-02,94.5786726877723,53.246456831023,150.589137290752
"Región de Magallanes",2025-06-09,89.9641525285809,49.5150639765157,145.363068269034
"Región de Magallanes",2025-06-16,94.8248319437267,52.4726495136348,152.684062244251
"Región de Magallanes",2025-06-23,83.8199922715967,44.3776499669458,138.82063833985
"Región de Magallanes",2025-06-30,76.5421417073218,39.0387894293402,129.738887093018
"Región de Magallanes",2025-07-07,60.8491896537799,28.414537924316,108.701639576365
"Región de Magallanes",2025-07-14,56.0214995142603,25.0778144800963,102.520553496101
"Región de Magallanes",2025-07-21,59.0054651411735,26.6471571854493,107.445723967647
"Región de Magallanes",2025-07-28,50.9630489252918,21.4501533296369,96.4917815464534
"Región de Magallanes",2025-08-04,53.0590162328795,22.4510115044564,100.171791366944
"Región de Magallanes",2025-08-11,65.0174117775405,29.5170509351859,118.04037641071
"Región de Magallanes",2025-08-18,71.213864229533,33.1177161361436,127.52053622233
"Región de Magallanes",2025-08-25,66.4615255042144,29.8215929791,121.4642699554
"Región de Magallanes",2025-09-01,54.430345506525,22.2568156624551,104.667872043878
"Región de Magallanes",2025-09-08,60.9962254571874,25.9116712235235,114.90944015198
"Región de Magallanes",2025-09-15,71.6642012446003,32.1634876189434,130.955550493264
"Región de Magallanes",2025-09-22,73.5898889532823,33.0605818735736,134.399092169469
"Región de Magallanes",2025-09-29,79.2840297239717,36.3169998228121,143.210573202572
"Región de Magallanes",2025-10-06,81.8528864682507,37.6179104034959,147.571202348099
"Región de Magallanes",2025-10-13,79.1109816141406,35.5847985992364,144.381866700231
"Región de Magallanes",2025-10-20,87.3109517134544,40.4210742786563,156.751529784325
"Región de Magallanes",2025-10-27,76.9683692684803,33.6618439951448,142.698521461338
"Región de Magallanes",2025-11-03,71.8363856898417,30.2690965002717,135.931261963399
"Región de Magallanes",2025-11-10,63.4246165149595,25.0623073628924,124.179363054945
"Región de Magallanes",2025-11-17,65.2486304034465,25.8737536949624,127.517028588881
"Región de Magallanes",2025-11-24,65.0355009054679,25.5094828890367,127.823478737153
"Región de Magallanes",2025-12-01,62.309033149088,23.7232151013889,124.351378011682
"Región de Magallanes",2025-12-08,63.6700709513227,24.2636216116266,127.008407173347
"Región de Magallanes",2025-12-15,58.9211637483957,21.3989534366615,120.407452163186
"Región de Magallanes",2025-12-22,59.2128560476847,21.3490720387084,121.438353636512
"Región de Ñuble",2024-12-30,210.652998837621,177.144607468918,244.161390206324
"Región de Ñuble",2025-01-06,159.918736160448,115.820475846986,204.01699647391
"Región de Ñuble",2025-01-13,154.34011573363,104.024898543214,204.655332924046
"Región de Ñuble",2025-01-20,154.993989526395,100.758305329295,209.229673723496
"Región de Ñuble",2025-01-27,149.686412961495,92.9221335531609,206.45069236983
"Región de Ñuble",2025-02-03,148.481177811552,90.0734993182808,206.888856304823
"Región de Ñuble",2025-02-10,157.962643187495,98.4817668385904,217.443519536399
"Región de Ñuble",2025-02-17,161.570523598177,101.382384320742,221.758662875611
"Región de Ñuble",2025-02-24,168.013384323652,107.349961300635,228.676807346669
"Región de Ñuble",2025-03-03,167.684144845655,106.689906234829,228.678383456482
"Región de Ñuble",2025-03-10,174.021584478137,112.784286866367,235.258882089907
"Región de Ñuble",2025-03-17,176.889250944768,115.459983106218,238.318518783318
"Región de Ñuble",2025-03-24,208.867415038192,147.273224907416,270.461605168969
"Región de Ñuble",2025-03-31,206.217514694677,144.469069687466,267.965959701888
"Región de Ñuble",2025-04-07,219.088515816793,157.184616623178,280.992415010407
"Región de Ñuble",2025-04-14,232.922595866856,170.852857632353,294.992334101359
"Región de Ñuble",2025-04-21,243.75847204878,181.505068364848,306.011875732712
"Región de Ñuble",2025-04-28,274.722930808686,212.261959420275,337.183902197096
"Región de Ñuble",2025-05-05,316.016921150863,253.319694165009,378.714148136717
"Región de Ñuble",2025-05-12,349.127836317405,286.162216651797,412.093455983013
"Región de Ñuble",2025-05-19,375.852108354314,312.58389855089,439.120318157738
"Región de Ñuble",2025-05-26,370.664204435022,307.058531365937,434.269877504106
"Región de Ñuble",2025-06-02,320.629662314837,256.652278345199,384.607046284475
"Región de Ñuble",2025-06-09,278.104863376198,213.723288341471,342.486438410924
"Región de Ñuble",2025-06-16,271.07738133664,206.261828932376,335.892933740905
"Región de Ñuble",2025-06-23,259.782194926207,194.506252724675,325.058137127739
"Región de Ñuble",2025-06-30,234.933826709685,169.174884478175,300.692768941194
"Región de Ñuble",2025-07-07,241.566644301809,175.306086541478,307.82720206214
"Región de Ñuble",2025-07-14,239.051803639957,172.274997364382,305.828609915531
"Región de Ñuble",2025-07-21,255.270132776603,187.96625019499,322.574015358216
"Región de Ñuble",2025-07-28,258.847373984845,191.009092689505,326.685655280186
"Región de Ñuble",2025-08-04,278.041257683814,209.664379452872,346.418135914756
"Región de Ñuble",2025-08-11,308.306392443089,239.389417293937,377.223367592242
"Región de Ñuble",2025-08-18,305.220410596729,235.764096587862,374.676724605597
"Región de Ñuble",2025-08-25,320.941437268125,250.948369819298,390.934504716951
"Región de Ñuble",2025-09-01,315.068947018377,244.543134976596,385.594759060158
"Región de Ñuble",2025-09-08,316.099736863065,245.046246677534,387.153227048596
"Región de Ñuble",2025-09-15,336.372145590803,264.796780031515,407.947511150091
"Región de Ñuble",2025-09-22,350.227281398355,278.1363053423,422.31825745441
"Región de Ñuble",2025-09-29,340.947902774211,268.347815653149,413.547989895273
"Región de Ñuble",2025-10-06,384.553161572803,311.450514019279,457.655809126326
"Región de Ñuble",2025-10-13,351.147199524082,277.548450426164,424.745948622001
"Región de Ñuble",2025-10-20,354.029882251542,279.941291682029,428.118472821055
"Región de Ñuble",2025-10-27,372.552135718502,297.979688900135,447.124582536869
"Región de Ñuble",2025-11-03,361.182133466339,286.131490947393,436.232775985285
"Región de Ñuble",2025-11-10,331.972259979636,256.448729422303,407.49579053697
"Región de Ñuble",2025-11-17,342.237678505741,266.246203852511,418.229153158971
"Región de Ñuble",2025-11-24,374.262744434815,297.807908655141,450.717580214489
"Región de Ñuble",2025-12-01,364.683329754844,287.769367841872,441.597291667817
"Región de Ñuble",2025-12-08,319.354753357341,241.98557271239,396.723934002292
"Región de Ñuble",2025-12-15,306.04000302877,228.219208819731,383.860797237809
"Región de Ñuble",2025-12-22,288.0691328816,209.800056559038,366.338209204162
"Región de O'Higgins",2024-12-30,258.758648377316,204.022445225761,321.626116596069
"Región de O'Higgins",2025-01-06,191.079754819843,134.712298729659,259.889468276756
"Región de O'Higgins",2025-01-13,188.86414226424,126.997908503964,266.298225900473
"Región de O'Higgins",2025-01-20,171.995646014185,110.461731550687,250.872910311635
"Región de O'Higgins",2025-01-27,172.004891391552,108.264652010802,254.558555863944
"Región de O'Higgins",2025-02-03,186.50031254364,117.61369296599,275.632018734314
"Región de O'Higgins",2025-02-10,178.198554758655,110.199149928908,267.064031153037
"Región de O'Higgins",2025-02-17,182.020498301906,112.138297857093,273.521572102739
"Región de O'Higgins",2025-02-24,178.116481428889,108.509427100279,269.775466022005
"Región de O'Higgins",2025-03-03,179.577142858181,108.975370241818,272.728105840285
"Región de O'Higgins",2025-03-10,203.903639793366,126.477903332265,304.932500416601
"Región de O'Higgins",2025-03-17,215.830764639765,134.878345401547,321.061436175238
"Región de O'Higgins",2025-03-24,217.69159495513,135.776195961354,324.279832946807
"Región de O'Higgins",2025-03-31,225.908447978711,141.473508588516,335.548461252793
"Región de O'Higgins",2025-04-07,228.757534437708,143.161483447327,339.943348224792
"Región de O'Higgins",2025-04-14,245.60063606262,155.413385558961,362.089721761903
"Región de O'Higgins",2025-04-21,260.801781073968,166.491711778098,382.067568076837
"Región de O'Higgins",2025-04-28,339.290159156129,226.567215228566,480.892676985791
"Región de O'Higgins",2025-05-05,414.682486372311,285.50909970809,574.364344125208
"Región de O'Higgins",2025-05-12,429.176581427338,296.457625196959,592.957540097097
"Región de O'Higgins",2025-05-19,483.805761327119,339.642140480827,660.189442998183
"Región de O'Higgins",2025-05-26,499.874231812635,351.947776157773,680.58071649265
"Región de O'Higgins",2025-06-02,455.024244037106,315.277801630686,627.197591938199
"Región de O'Higgins",2025-06-09,418.943113017646,285.970818455983,584.069136824997
"Región de O'Higgins",2025-06-16,366.99893339518,244.568694097277,520.960352739516
"Región de O'Higgins",2025-06-23,386.733875076082,259.48604385287,546.183577936643
"Región de O'Higgins",2025-06-30,346.027306251324,227.268308798017,496.50520462388
"Región de O'Higgins",2025-07-07,307.600946239941,197.278702368571,449.118415483452
"Región de O'Higgins",2025-07-14,327.008261237722,211.670784438176,474.256894750604
"Región de O'Higgins",2025-07-21,309.932313013531,198.173100248446,453.516355359718
"Región de O'Higgins",2025-07-28,342.746109042026,222.828082659263,495.49786216829
"Región de O'Higgins",2025-08-04,369.774178773664,243.206567068603,530.029317833107
"Región de O'Higgins",2025-08-11,410.776179940975,274.612952001882,581.723586560617
"Región de O'Higgins",2025-08-18,397.115282095385,263.431944037145,565.628976557578
"Región de O'Higgins",2025-08-25,389.109175326561,256.701980095346,556.493799240852
"Región de O'Higgins",2025-09-01,380.169171395113,249.281402082584,546.157113156686
"Región de O'Higgins",2025-09-08,371.293055191958,241.947124832591,535.856736004178
"Región de O'Higgins",2025-09-15,367.309582215021,238.406033622006,531.646386541108
"Región de O'Higgins",2025-09-22,442.505067136475,296.240769834338,625.99901330027
"Región de O'Higgins",2025-09-29,410.213467516641,270.55011653502,586.796425507605
"Región de O'Higgins",2025-10-06,405.79630456606,266.622937019799,582.107058544399
"Región de O'Higgins",2025-10-13,393.291478923934,256.472228391286,567.2964615515
"Región de O'Higgins",2025-10-20,386.219235125509,250.549141486501,559.229089000797
"Región de O'Higgins",2025-10-27,419.596971088327,275.795614018887,601.734601846193
"Región de O'Higgins",2025-11-03,402.432931632341,262.048768446547,581.107337624014
"Región de O'Higgins",2025-11-10,347.353708905478,219.558192612203,512.512591884299
"Región de O'Higgins",2025-11-17,378.81165337623,242.997667420833,553.011232137721
"Región de O'Higgins",2025-11-24,382.23985689755,245.149462205826,558.094054352055
"Región de O'Higgins",2025-12-01,373.686783163372,238.180405923932,548.064490972825
"Región de O'Higgins",2025-12-08,359.150473128315,226.722400965655,530.409171339113
"Región de O'Higgins",2025-12-15,297.008157638362,179.933919465958,451.605498924566
"Región de O'Higgins",2025-12-22,281.520480812092,168.202813194526,432.202574876235
"Región de Tarapacá",2024-12-30,134.385912333093,94.5520712885742,186.65837104
"Región de Tarapacá",2025-01-06,111.109814193773,73.7901805636364,162.222014915064
"Región de Tarapacá",2025-01-13,79.4931578382736,48.8665002544623,123.873137375145
"Región de Tarapacá",2025-01-20,77.4951380773783,46.2225268859959,123.808397829258
"Región de Tarapacá",2025-01-27,80.2636070070596,47.0471596736211,130.074500221119
"Región de Tarapacá",2025-02-03,80.754318565849,46.6265619925914,132.486639265476
"Región de Tarapacá",2025-02-10,88.7864614006735,51.1833382952612,145.851192800339
"Región de Tarapacá",2025-02-17,87.3096966155663,49.7190241444109,144.856065359841
"Región de Tarapacá",2025-02-24,76.1654536967926,42.2776664634884,128.993785368399
"Región de Tarapacá",2025-03-03,83.4908566674836,46.5014530829767,141.015851758355
"Región de Tarapacá",2025-03-10,136.880472326454,80.2604562910364,221.766647353825
"Región de Tarapacá",2025-03-17,131.83518022555,76.5176646894607,215.376263275968
"Región de Tarapacá",2025-03-24,168.827300592091,100.189409840485,270.847582097293
"Región de Tarapacá",2025-03-31,179.999894073967,107.032308307605,288.30080351847
"Región de Tarapacá",2025-04-07,198.804622446899,118.930039339269,316.843413214076
"Región de Tarapacá",2025-04-14,204.77980466612,122.343093243789,326.720571623985
"Región de Tarapacá",2025-04-21,217.45575580403,130.191762852189,346.340383307613
"Región de Tarapacá",2025-04-28,257.95373668687,156.606647179818,406.141383724062
"Región de Tarapacá",2025-05-05,238.047655567466,142.721149044639,378.69750769509
"Región de Tarapacá",2025-05-12,238.912788319142,142.722097840386,381.208053345614
"Región de Tarapacá",2025-05-19,229.078553065496,135.681494818904,368.093412841904
"Región de Tarapacá",2025-05-26,251.21729982688,149.713937198018,401.630245683516
"Región de Tarapacá",2025-06-02,269.159478899224,160.993920003235,429.02401407531
"Región de Tarapacá",2025-06-09,318.112458369703,192.969599689404,501.203365671512
"Región de Tarapacá",2025-06-16,243.988029773451,143.29066521885,394.784486867947
"Región de Tarapacá",2025-06-23,281.944059395984,167.623819575092,451.641565191048
"Región de Tarapacá",2025-06-30,263.187002910316,154.723391340968,425.495081701579
"Región de Tarapacá",2025-07-07,257.224868663065,150.279018563753,417.977758689259
"Región de Tarapacá",2025-07-14,235.401628357392,135.640624020482,386.844397787721
"Región de Tarapacá",2025-07-21,244.822123510528,141.191266135942,402.042125286761
"Región de Tarapacá",2025-07-28,234.654210037686,134.167085344156,388.043982554654
"Región de Tarapacá",2025-08-04,233.172326650485,132.733654262084,386.970049884202
"Región de Tarapacá",2025-08-11,276.783270761271,160.174381108528,453.257741340803
"Región de Tarapacá",2025-08-18,252.327063951187,143.94736559244,418.030108769136
"Región de Tarapacá",2025-08-25,256.716140688486,146.233273426419,425.814010032065
"Región de Tarapacá",2025-09-01,223.575725777775,124.802089596452,376.943159561109
"Región de Tarapacá",2025-09-08,270.734686958136,154.11920903863,449.300722553087
"Región de Tarapacá",2025-09-15,258.988620141008,146.14788008304,432.85355692339
"Región de Tarapacá",2025-09-22,267.725242908161,151.163760002043,447.250668139593
"Región de Tarapacá",2025-09-29,255.118607309008,142.714836169391,429.385041127426
"Región de Tarapacá",2025-10-06,246.864480087687,137.066427966144,417.997455661611
"Región de Tarapacá",2025-10-13,300.617497110716,170.396256622999,500.628118988272
"Región de Tarapacá",2025-10-20,278.278764002311,155.752717368901,468.167483176746
"Región de Tarapacá",2025-10-27,285.073808286623,159.500904605784,479.732087752313
"Región de Tarapacá",2025-11-03,254.7829803777,140.108340625122,434.737255741817
"Región de Tarapacá",2025-11-10,261.947877730473,144.073167223692,446.901432855814
"Región de Tarapacá",2025-11-17,244.109250183984,132.614727083838,420.582218983691
"Región de Tarapacá",2025-11-24,264.790725020095,144.878215925015,453.636841438755
"Región de Tarapacá",2025-12-01,255.152294218271,138.485871526506,439.931651809449
"Región de Tarapacá",2025-12-08,236.091593532591,126.425917309184,411.436812385931
"Región de Tarapacá",2025-12-15,194.739918081165,101.248336519404,347.346628067867
"Región de Tarapacá",2025-12-22,178.676268643874,91.4572040949488,322.601633614938
"Región de Valparaíso",2024-12-30,501.035245749046,437.237827278308,564.832664219784
"Región de Valparaíso",2025-01-06,367.328065925218,283.090249363773,451.565882486663
"Región de Valparaíso",2025-01-13,336.369981160217,230.384564542396,442.355397778038
"Región de Valparaíso",2025-01-20,329.841304140834,204.973936568775,454.708671712894
"Región de Valparaíso",2025-01-27,340.398103107068,199.150765315878,481.645440898258
"Región de Valparaíso",2025-02-03,333.242532108243,177.326652923917,489.158411292569
"Región de Valparaíso",2025-02-10,331.351854691641,162.033479048169,500.670230335113
"Región de Valparaíso",2025-02-17,322.111930707564,140.37678474161,503.847076673518
"Región de Valparaíso",2025-02-24,333.857926467111,140.501741595798,527.214111338424
"Región de Valparaíso",2025-03-03,329.712219737755,125.394904816302,534.029534659207
"Región de Valparaíso",2025-03-10,344.914242578274,130.194620453433,559.633864703116
"Región de Valparaíso",2025-03-17,398.370710163344,173.729959020197,623.011461306491
"Región de Valparaíso",2025-03-24,425.553733468054,191.411857625905,659.695609310203
"Región de Valparaíso",2025-03-31,432.054419749392,188.782208077769,675.326631421015
"Región de Valparaíso",2025-04-07,482.76022222861,230.688169195503,734.832275261717
"Región de Valparaíso",2025-04-14,481.543475201349,220.968589863088,742.118360539611
"Región de Valparaíso",2025-04-21,523.79108967163,254.982195068473,792.599984274786
"Región de Valparaíso",2025-04-28,563.922610646404,287.124538459307,840.720682833502
"Región de Valparaíso",2025-05-05,641.650946152073,357.087906185151,926.213986118996
"Región de Valparaíso",2025-05-12,739.906501041686,447.784823201888,1032.02817888149
"Región de Valparaíso",2025-05-19,773.855786706223,474.366178184222,1073.34539522822
"Región de Valparaíso",2025-05-26,765.810004505494,459.129427094103,1072.49058191689
"Región de Valparaíso",2025-06-02,715.876722947469,402.169968939674,1029.58347695526
"Región de Valparaíso",2025-06-09,676.040319067572,355.461345242354,996.61929289279
"Región de Valparaíso",2025-06-16,588.131934890231,260.825000335595,915.438869444866
"Región de Valparaíso",2025-06-23,575.163636834584,241.264280207059,909.062993462109
"Región de Valparaíso",2025-06-30,554.89618832716,214.532072555538,895.260304098782
"Región de Valparaíso",2025-07-07,549.984790950881,203.276437642628,896.693144259134
"Región de Valparaíso",2025-07-14,554.456948432832,201.518379837044,907.395517028619
"Región de Valparaíso",2025-07-21,618.047229129447,258.986532100148,977.107926158746
"Región de Valparaíso",2025-07-28,633.608468305117,268.528292042575,998.688644567659
"Región de Valparaíso",2025-08-04,664.762942014178,293.760939258652,1035.7649447697
"Región de Valparaíso",2025-08-11,784.29156761236,407.46078729136,1161.12234793336
"Región de Valparaíso",2025-08-18,773.96170172263,391.390939711134,1156.53246373413
"Región de Valparaíso",2025-08-25,781.276081141747,393.050194711206,1169.50196757229
"Región de Valparaíso",2025-09-01,769.860726411101,376.060917061856,1163.66053576035
"Región de Valparaíso",2025-09-08,742.17589382469,342.87996247524,1141.47182517414
"Región de Valparaíso",2025-09-15,798.879331949675,394.161909862427,1203.59675403692
"Región de Valparaíso",2025-09-22,832.424250153398,422.357008484827,1242.49149182197
"Región de Valparaíso",2025-09-29,752.661178708177,337.313019162004,1168.00933825435
"Región de Valparaíso",2025-10-06,691.267213578175,270.704442297697,1111.82998485865
"Región de Valparaíso",2025-10-13,699.086266128668,273.372752676442,1124.79977958089
"Región de Valparaíso",2025-10-20,702.034691581271,271.232014611221,1132.83736855132
"Región de Valparaíso",2025-10-27,709.292216457065,273.459797477839,1145.12463543629
"Región de Valparaíso",2025-11-03,682.465066567832,241.660293020623,1123.26984011504
"Región de Valparaíso",2025-11-10,633.02778908954,187.306127813437,1078.74945036564
"Región de Valparaíso",2025-11-17,645.684118587164,195.099220616258,1096.26901655807
"Región de Valparaíso",2025-11-24,605.573935791832,150.177733317356,1060.97013826631
"Región de Valparaíso",2025-12-01,608.34275307686,148.185549311781,1068.49995684194
"Región de Valparaíso",2025-12-08,570.585638838675,105.716191439064,1035.45508623829
"Región de Valparaíso",2025-12-15,496.117506772663,26.5831053979159,965.651908147411
"Región de Valparaíso",2025-12-22,495.767196566986,21.6137350979538,969.920658036018
"Región del Biobío",2024-12-30,549.222149452027,428.03058213017,720.081401441618
"Región del Biobío",2025-01-06,371.580918984083,283.089122067871,500.513267028058
"Región del Biobío",2025-01-13,320.67721228777,240.404614913987,440.420505699274
"Región del Biobío",2025-01-20,301.253825946106,221.839783465311,422.877385203265
"Región del Biobío",2025-01-27,261.747657718705,192.667650703633,367.609660400249
"Región del Biobío",2025-02-03,288.500027651148,208.746307559651,413.870934755621
"Región del Biobío",2025-02-10,264.936200999066,191.765676210882,379.896728522024
"Región del Biobío",2025-02-17,304.725688496352,216.051932402158,448.420410106526
"Región del Biobío",2025-02-24,288.229919844065,204.723663425344,423.186249613098
"Región del Biobío",2025-03-03,279.503046947353,198.399791465777,410.700218806049
"Región del Biobío",2025-03-10,345.785509839986,238.917466876694,525.852392414846
"Región del Biobío",2025-03-17,375.205080274619,256.091675148963,579.684188421009
"Región del Biobío",2025-03-24,450.891942148678,300.336071668412,719.223955173061
"Región del Biobío",2025-03-31,459.125687727615,304.162666079563,737.647010473831
"Región del Biobío",2025-04-07,499.739427879548,326.659745475875,817.377913531943
"Región del Biobío",2025-04-14,627.34777851748,397.067050055677,1071.93769968027
"Región del Biobío",2025-04-21,694.607809008331,432.294658026088,1214.80645539369
"Región del Biobío",2025-04-28,817.722079683125,495.65646678661,1484.14529512825
"Región del Biobío",2025-05-05,983.553347305114,578.229958860363,1865.19732228747
"Región del Biobío",2025-05-12,1080.25495006703,624.045072147003,2101.79648431876
"Región del Biobío",2025-05-19,1146.0757805752,653.802686151188,2271.7229782093
"Región del Biobío",2025-05-26,1168.41952227263,662.634922751825,2336.44364969489
"Región del Biobío",2025-06-02,1006.32631035391,583.257088774643,1948.48578612478
"Región del Biobío",2025-06-09,779.005316597484,468.53122586822,1429.60760932264
"Región del Biobío",2025-06-16,761.880350472597,458.648130507982,1396.36822750653
"Región del Biobío",2025-06-23,647.425312048297,398.277481046106,1150.80473681287
"Región del Biobío",2025-06-30,614.407703366728,379.961692186243,1084.09356822039
"Región del Biobío",2025-07-07,576.014195272658,358.684270297979,1006.62675070252
"Región del Biobío",2025-07-14,651.642946103017,397.84664776124,1170.71290091214
"Región del Biobío",2025-07-21,737.531770307899,441.123913073763,1364.32050100136
"Región del Biobío",2025-07-28,733.702501771731,438.180507645875,1360.13951569237
"Región del Biobío",2025-08-04,814.948113522698,477.81606195104,1551.53395388136
"Región del Biobío",2025-08-11,1016.31018345819,573.670464615227,2046.61799268959
"Región del Biobío",2025-08-18,1049.28141884789,587.694143426465,2137.88715373039
"Región del Biobío",2025-08-25,1117.62368874861,617.766494381758,2323.19701921945
"Región del Biobío",2025-09-01,1110.32268097296,612.959598159567,2312.45528256929
"Región del Biobío",2025-09-08,1190.67407745143,647.779010133433,2536.12834227139
"Región del Biobío",2025-09-15,1180.28800447553,641.546347149346,2517.53419098989
"Región del Biobío",2025-09-22,1197.70535931896,647.762374555633,2574.58470155397
"Región del Biobío",2025-09-29,1066.67279116805,587.368148410774,2230.19307505183
"Región del Biobío",2025-10-06,1056.61862955383,581.426339051866,2211.53071920062
"Región del Biobío",2025-10-13,1077.0759405778,589.339003100824,2274.01372925407
"Región del Biobío",2025-10-20,1059.06875063562,579.867081328633,2233.7363452235
"Región del Biobío",2025-10-27,1004.22263364723,553.683010584695,2095.54420000227
"Región del Biobío",2025-11-03,1011.48346872642,555.735237583678,2122.05188193621
"Región del Biobío",2025-11-10,907.826792892254,507.014625696355,1857.68833948828
"Región del Biobío",2025-11-17,904.921867207515,504.574914045058,1856.28768619902
"Región del Biobío",2025-11-24,851.876543223078,478.841924931118,1726.32869909145
"Región del Biobío",2025-12-01,807.203458510839,456.872667681666,1618.94114197261
"Región del Biobío",2025-12-08,687.308597384117,398.52305999298,1329.9798490951
"Región del Biobío",2025-12-15,656.201032696088,382.543194193816,1259.78888088412
"Región del Biobío",2025-12-22,592.904646068019,350.493667980866,1115.43131515365
"Región del Maule",2024-12-30,522.78639068159,421.272609246949,648.415619366223
"Región del Maule",2025-01-06,344.653333701902,265.188162872298,447.578575446533
"Región del Maule",2025-01-13,307.103773813739,228.296121728206,412.700256908445
"Región del Maule",2025-01-20,261.516759189531,190.050253491224,359.438280978591
"Región del Maule",2025-01-27,283.25415221909,202.551127719076,395.602692930591
"Región del Maule",2025-02-03,274.875516123054,194.113071907709,388.701523635096
"Región del Maule",2025-02-10,253.582448947412,177.270491958622,362.214126169227
"Región del Maule",2025-02-17,296.237929562751,205.578861468111,426.226135801561
"Región del Maule",2025-02-24,286.681007698866,197.597545634515,415.268164612699
"Región del Maule",2025-03-03,245.644657912797,168.233562813221,358.088653200801
"Región del Maule",2025-03-10,305.29550904441,208.235858283037,446.846641566177
"Región del Maule",2025-03-17,385.46410407027,262.008731437875,566.124722074043
"Región del Maule",2025-03-24,468.665445605899,317.540621705794,690.516784670993
"Región del Maule",2025-03-31,434.794122326071,293.381654135885,643.229693618224
"Región del Maule",2025-04-07,523.201541242316,352.084910743511,776.089454129227
"Región del Maule",2025-04-14,505.850560775896,339.218903892676,752.959804266043
"Región del Maule",2025-04-21,523.05531011857,349.690271430571,780.920736614407
"Región del Maule",2025-04-28,568.122558742667,378.798906221126,850.471675486519
"Región del Maule",2025-05-05,697.423195939252,464.074412870087,1046.12008599824
"Región del Maule",2025-05-12,865.785724265809,575.027382065272,1301.07141068118
"Región del Maule",2025-05-19,1008.71584187864,668.554633921702,1519.01157812567
"Región del Maule",2025-05-26,994.149938908927,657.03920823131,1501.27839604999
"Región del Maule",2025-06-02,836.991185113713,551.217157216285,1268.3911443217
"Región del Maule",2025-06-09,729.470814637622,478.803057939263,1109.12168108662
"Región del Maule",2025-06-16,646.511673788805,422.979149011623,986.144370283472
"Región del Maule",2025-06-23,646.178461725327,421.652838420986,988.201670386215
"Región del Maule",2025-06-30,506.920902310776,329.52902579947,778.155264687386
"Región del Maule",2025-07-07,473.934289310307,307.189250738292,729.620985211319
"Región del Maule",2025-07-14,529.706882459599,342.653285116247,817.099219638015
"Región del Maule",2025-07-21,528.890216691373,341.256291947783,817.895594471665
"Región del Maule",2025-07-28,597.424177077694,384.745531535915,925.616787357988
"Región del Maule",2025-08-04,688.918892685073,442.884527083572,1069.24487975343
"Región del Maule",2025-08-11,781.064138808322,501.202658257729,1214.46079355045
"Región del Maule",2025-08-18,766.115198303872,490.356195793314,1194.232018889
"Región del Maule",2025-08-25,839.81935161345,536.475296663325,1311.67290777159
"Región del Maule",2025-09-01,767.328418978791,488.75297171808,1201.8874792187
"Región del Maule",2025-09-08,808.353632866283,513.783669611574,1268.83039768421
"Región del Maule",2025-09-15,869.100176434212,551.280904293951,1366.90629840665
"Región del Maule",2025-09-22,936.546900961115,592.883505551236,1475.8857451061
"Región del Maule",2025-09-29,857.581476208036,541.358505816757,1355.23936177971
"Región del Maule",2025-10-06,973.081766117794,613.235698611313,1540.32990807383
"Región del Maule",2025-10-13,977.684646451482,614.711355454802,1551.16592652441
"Región del Maule",2025-10-20,956.859867736547,600.149161598953,1521.80191360248
"Región del Maule",2025-10-27,917.976437269446,574.299708631907,1463.63693156068
"Región del Maule",2025-11-03,958.46085193121,598.385555263903,1531.32334488061
"Región del Maule",2025-11-10,843.743735539358,525.192697025018,1352.03430575963
"Región del Maule",2025-11-17,835.28374125755,518.710297401107,1341.58267349202
"Región del Maule",2025-11-24,834.810741558711,517.23615649567,1343.8496011142
"Región del Maule",2025-12-01,817.750616233835,505.461507291611,1319.48925980997
"Región del Maule",2025-12-08,792.319971181374,488.553165615009,1281.53349593305
"Región del Maule",2025-12-15,675.806834255959,415.404930538883,1096.47580043015
"Región del Maule",2025-12-22,565.290826975244,346.346847190253,920.115826775597
"Región Metropolitana",2024-12-30,1338.0002054727,1115.16317189594,1560.83723904945
"Región Metropolitana",2025-01-06,1042.57050419474,721.930744471824,1363.21026391766
"Región Metropolitana",2025-01-13,977.635902333621,597.734988298418,1357.53681636882
"Región Metropolitana",2025-01-20,949.537674321251,530.910533114666,1368.16481552784
"Región Metropolitana",2025-01-27,916.379841945113,470.94493388682,1361.81475000341
"Región Metropolitana",2025-02-03,906.762446288935,441.913031131062,1371.61186144681
"Región Metropolitana",2025-02-10,910.255861089568,430.808388127385,1389.70333405175
"Región Metropolitana",2025-02-17,932.714731739421,441.922872035521,1423.50659144332
"Región Metropolitana",2025-02-24,933.272634507588,433.396896280488,1433.14837273469
"Región Metropolitana",2025-03-03,969.241847929632,461.888948479278,1476.59474737999
"Región Metropolitana",2025-03-10,1029.44203023674,515.776204512264,1543.10785596121
"Región Metropolitana",2025-03-17,1173.68880871934,654.567887782997,1692.80972965569
"Región Metropolitana",2025-03-24,1266.17117966485,742.236612061928,1790.10574726777
"Región Metropolitana",2025-03-31,1278.86668842698,750.604451766101,1807.12892508786
"Región Metropolitana",2025-04-07,1283.43166483236,751.214301511491,1815.64902815324
"Región Metropolitana",2025-04-14,1431.77774048683,895.893886137048,1967.66159483661
"Región Metropolitana",2025-04-21,1592.50260640046,1053.17807124731,2131.82714155361
"Región Metropolitana",2025-04-28,1834.1560762432,1291.56912119186,2376.74303129455
"Región Metropolitana",2025-05-05,2118.9256217143,1573.21817925917,2664.63306416942
"Región Metropolitana",2025-05-12,2400.6371710094,1851.92318965785,2949.35115236095
"Región Metropolitana",2025-05-19,2560.69516248727,2009.06688104975,3112.32344392478
"Región Metropolitana",2025-05-26,2449.27834485767,1894.8110566002,3003.74563311514
"Región Metropolitana",2025-06-02,2306.65395932499,1749.40966059787,2863.89825805212
"Región Metropolitana",2025-06-09,2105.1114715278,1545.14167688358,2665.08126617202
"Región Metropolitana",2025-06-16,1982.54847940492,1419.89640747783,2545.20055133201
"Región Metropolitana",2025-06-23,1838.03233104572,1272.73461104523,2403.33005104621
"Región Metropolitana",2025-06-30,1781.02158842889,1213.10959848361,2348.93357837417
"Región Metropolitana",2025-07-07,1699.21816087178,1128.71908168999,2269.71724005358
"Región Metropolitana",2025-07-14,1906.85363789922,1333.79128498608,2479.91599081235
"Región Metropolitana",2025-07-21,1891.13754036221,1315.53302312219,2466.74205760224
"Región Metropolitana",2025-07-28,1997.87479709183,1419.74704202748,2576.00255215617
"Región Metropolitana",2025-08-04,1999.91537349615,1419.2815403409,2580.54920665139
"Región Metropolitana",2025-08-11,2155.98473633304,1572.86054958945,2739.10892307662
"Región Metropolitana",2025-08-18,2092.17741067242,1506.57742414914,2677.77739719571
"Región Metropolitana",2025-08-25,2049.22753725465,1461.16534542954,2637.28972907975
"Región Metropolitana",2025-09-01,2124.34215165181,1533.83055876489,2714.85374453873
"Región Metropolitana",2025-09-08,2137.44093065192,1544.49208614906,2730.38977515477
"Región Metropolitana",2025-09-15,2239.24573852641,1643.87124568564,2834.62023136719
"Región Metropolitana",2025-09-22,2206.5461689044,1608.75717206831,2804.33516574048
"Región Metropolitana",2025-09-29,2085.8155081897,1485.62276291655,2686.00825346284
"Región Metropolitana",2025-10-06,2107.85516439669,1505.26909396301,2710.44123483036
"Región Metropolitana",2025-10-13,2134.26540463841,1529.29614562921,2739.23466364761
"Región Metropolitana",2025-10-20,2151.22218979428,1543.87962896284,2758.56475062572
"Región Metropolitana",2025-10-27,2277.73042933436,1668.02423347339,2887.43662519533
"Región Metropolitana",2025-11-03,2231.17425768449,1619.11389789959,2843.23461746939
"Región Metropolitana",2025-11-10,2104.07981508819,1489.67458658505,2718.48504359133
"Región Metropolitana",2025-11-17,2008.38219782387,1391.64123609774,2625.12315954999
"Región Metropolitana",2025-11-24,2052.68155628596,1433.61385042389,2671.74926214803
"Región Metropolitana",2025-12-01,2091.20198581205,1469.81638947627,2712.58758214782
"Región Metropolitana",2025-12-08,1856.31137225305,1232.6166128004,2480.00613170569
"Región Metropolitana",2025-12-15,1632.16457092759,1006.16925702901,2258.15988482616
"Región Metropolitana",2025-12-22,1522.20118056893,893.913808620612,2150.48855251724
